File Name,Hot Pixel Count
Masks/image_0.png,1224
Masks/image_1.png,1194
Masks/image_2.png,1137
Masks/image_3.png,1164
Masks/image_4.png,1182
Masks/image_5.png,994
Masks/image_6.png,1119
Masks/image_7.png,1216
Masks/image_8.png,1033
Masks/image_9.png,1062
Masks/image_10.png,1042
Masks/image_11.png,1025
Masks/image_12.png,1011
Masks/image_13.png,1043
Masks/image_14.png,1027
Masks/image_15.png,1037
Masks/image_16.png,1065
Masks/image_17.png,1113
Masks/image_18.png,1098
Masks/image_19.png,1122
Masks/image_20.png,1147
Masks/image_21.png,1171
Masks/image_22.png,1185
Masks/image_23.png,1164
Masks/image_24.png,1152
Masks/image_25.png,1101
Masks/image_26.png,1162
Masks/image_27.png,1212
Masks/image_28.png,1121
Masks/image_29.png,1135
Masks/image_30.png,1162
Masks/image_31.png,1174
Masks/image_32.png,987
Masks/image_33.png,1019
Masks/image_34.png,1028
Masks/image_35.png,1037
Masks/image_36.png,1084
Masks/image_37.png,1129
Masks/image_38.png,1202
Masks/image_39.png,1243
Masks/image_40.png,1255
Masks/image_41.png,1124
Masks/image_42.png,1027
Masks/image_43.png,1086
Masks/image_44.png,932
Masks/image_45.png,833
Masks/image_46.png,902
Masks/image_47.png,925
Masks/image_48.png,986
Masks/image_49.png,1030
Masks/image_50.png,975
Masks/image_51.png,1045
Masks/image_52.png,1070
Masks/image_53.png,906
Masks/image_54.png,868
Masks/image_55.png,930
Masks/image_56.png,909
Masks/image_57.png,869
Masks/image_58.png,832
Masks/image_59.png,858
Masks/image_60.png,844
Masks/image_61.png,879
Masks/image_62.png,914
Masks/image_63.png,959
Masks/image_64.png,1009
Masks/image_65.png,1014
Masks/image_66.png,1011
Masks/image_67.png,1047
Masks/image_68.png,1059
Masks/image_69.png,976
Masks/image_70.png,849
Masks/image_71.png,847
Masks/image_72.png,985
Masks/image_73.png,980
Masks/image_74.png,1048
Masks/image_75.png,978
Masks/image_76.png,946
Masks/image_77.png,976
Masks/image_78.png,1026
Masks/image_79.png,1067
Masks/image_80.png,1066
Masks/image_81.png,1078
Masks/image_82.png,1162
Masks/image_83.png,1121
Masks/image_84.png,1061
Masks/image_85.png,1010
Masks/image_86.png,938
Masks/image_87.png,988
Masks/image_88.png,986
Masks/image_89.png,977
Masks/image_90.png,912
Masks/image_91.png,833
Masks/image_92.png,820
Masks/image_93.png,853
Masks/image_94.png,873
Masks/image_95.png,842
Masks/image_96.png,895
Masks/image_97.png,929
Masks/image_98.png,842
Masks/image_99.png,822
Masks/image_100.png,840
Masks/image_101.png,848
Masks/image_102.png,829
Masks/image_103.png,813
Masks/image_104.png,862
Masks/image_105.png,801
Masks/image_106.png,811
Masks/image_107.png,736
Masks/image_108.png,749
Masks/image_109.png,769
Masks/image_110.png,793
Masks/image_111.png,762
Masks/image_112.png,792
Masks/image_113.png,757
Masks/image_114.png,806
Masks/image_115.png,856
Masks/image_116.png,852
Masks/image_117.png,798
Masks/image_118.png,819
Masks/image_119.png,831
Masks/image_120.png,850
Masks/image_121.png,867
Masks/image_122.png,922
Masks/image_123.png,859
Masks/image_124.png,899
Masks/image_125.png,958
Masks/image_126.png,906
Masks/image_127.png,865
Masks/image_128.png,837
Masks/image_129.png,753
Masks/image_130.png,786
Masks/image_131.png,784
Masks/image_132.png,744
Masks/image_133.png,797
Masks/image_134.png,792
Masks/image_135.png,812
Masks/image_136.png,873
Masks/image_137.png,856
Masks/image_138.png,897
Masks/image_139.png,858
Masks/image_140.png,801
Masks/image_141.png,743
Masks/image_142.png,748
Masks/image_143.png,619
Masks/image_144.png,669
Masks/image_145.png,654
Masks/image_146.png,728
Masks/image_147.png,688
Masks/image_148.png,687
Masks/image_149.png,649
Masks/image_150.png,686
Masks/image_151.png,714
Masks/image_152.png,671
Masks/image_153.png,704
Masks/image_154.png,760
Masks/image_155.png,715
Masks/image_156.png,846
Masks/image_157.png,836
Masks/image_158.png,943
Masks/image_159.png,1026
Masks/image_160.png,1078
Masks/image_161.png,1063
Masks/image_162.png,1189
Masks/image_163.png,1187
Masks/image_164.png,1260
Masks/image_165.png,1437
Masks/image_166.png,1596
Masks/image_167.png,1549
Masks/image_168.png,1665
Masks/image_169.png,1880
Masks/image_170.png,1921
Masks/image_171.png,1816
Masks/image_172.png,1800
Masks/image_173.png,1588
Masks/image_174.png,1601
Masks/image_175.png,1640
Masks/image_176.png,1764
Masks/image_177.png,1705
Masks/image_178.png,1803
Masks/image_179.png,1790
Masks/image_180.png,1625
Masks/image_181.png,1653
Masks/image_182.png,1755
Masks/image_183.png,1778
Masks/image_184.png,1772
Masks/image_185.png,1875
Masks/image_186.png,1794
Masks/image_187.png,1974
Masks/image_188.png,2004
Masks/image_189.png,1982
Masks/image_190.png,2024
Masks/image_191.png,1956
Masks/image_192.png,1930
Masks/image_193.png,2066
Masks/image_194.png,1836
Masks/image_195.png,1960
Masks/image_196.png,1893
Masks/image_197.png,1842
Masks/image_198.png,1846
Masks/image_199.png,1768
Masks/image_200.png,1609
Masks/image_201.png,1509
Masks/image_202.png,1531
Masks/image_203.png,1589
Masks/image_204.png,1575
Masks/image_205.png,1638
Masks/image_206.png,1688
Masks/image_207.png,1805
Masks/image_208.png,1445
Masks/image_209.png,1612
Masks/image_210.png,1635
Masks/image_211.png,1673
Masks/image_212.png,1596
Masks/image_213.png,1528
Masks/image_214.png,1511
Masks/image_215.png,1625
Masks/image_216.png,1622
Masks/image_217.png,1693
Masks/image_218.png,1738
Masks/image_219.png,1791
Masks/image_220.png,1637
Masks/image_221.png,1694
Masks/image_222.png,1722
Masks/image_223.png,1651
Masks/image_224.png,1700
Masks/image_225.png,1802
Masks/image_226.png,1787
Masks/image_227.png,1828
Masks/image_228.png,1815
Masks/image_229.png,1848
Masks/image_230.png,1832
Masks/image_231.png,1786
Masks/image_232.png,1759
Masks/image_233.png,1888
Masks/image_234.png,1804
Masks/image_235.png,1883
Masks/image_236.png,1920
Masks/image_237.png,1931
Masks/image_238.png,1702
Masks/image_239.png,1699
Masks/image_240.png,1448
Masks/image_241.png,1400
Masks/image_242.png,1331
Masks/image_243.png,1424
Masks/image_244.png,1416
Masks/image_245.png,1679
Masks/image_246.png,1672
Masks/image_247.png,1812
Masks/image_248.png,1668
Masks/image_249.png,1745
Masks/image_250.png,1857
Masks/image_251.png,1785
Masks/image_252.png,1784
Masks/image_253.png,2039
Masks/image_254.png,1844
Masks/image_255.png,1861
Masks/image_256.png,1435
Masks/image_257.png,1430
Masks/image_258.png,1607
Masks/image_259.png,1387
Masks/image_260.png,1430
Masks/image_261.png,1378
Masks/image_262.png,1396
Masks/image_263.png,1457
Masks/image_264.png,1278
Masks/image_265.png,1449
Masks/image_266.png,1506
Masks/image_267.png,1612
Masks/image_268.png,1554
Masks/image_269.png,1595
Masks/image_270.png,1453
Masks/image_271.png,1438
Masks/image_272.png,1277
Masks/image_273.png,1262
Masks/image_274.png,1273
Masks/image_275.png,1313
Masks/image_276.png,1252
Masks/image_277.png,1421
Masks/image_278.png,1405
Masks/image_279.png,1292
Masks/image_280.png,1212
Masks/image_281.png,1276
Masks/image_282.png,1331
Masks/image_283.png,1472
Masks/image_284.png,1423
Masks/image_285.png,1469
Masks/image_286.png,1385
Masks/image_287.png,1380
Masks/image_288.png,1301
Masks/image_289.png,1407
Masks/image_290.png,1404
Masks/image_291.png,1335
Masks/image_292.png,1454
Masks/image_293.png,1426
Masks/image_294.png,1314
Masks/image_295.png,1198
Masks/image_296.png,1246
Masks/image_297.png,1286
Masks/image_298.png,1209
Masks/image_299.png,1337
Masks/image_300.png,1420
Masks/image_301.png,1291
Masks/image_302.png,805
Masks/image_303.png,341
Masks/image_304.png,217
Masks/image_305.png,250
Masks/image_306.png,284
Masks/image_307.png,311
Masks/image_308.png,360
Masks/image_309.png,415
Masks/image_310.png,445
Masks/image_311.png,495
Masks/image_312.png,530
Masks/image_313.png,551
Masks/image_314.png,591
Masks/image_315.png,646
Masks/image_316.png,696
Masks/image_317.png,739
Masks/image_318.png,742
Masks/image_319.png,708
Masks/image_320.png,688
Masks/image_321.png,649
Masks/image_322.png,655
Masks/image_323.png,533
Masks/image_324.png,476
Masks/image_325.png,440
Masks/image_326.png,405
Masks/image_327.png,338
Masks/image_328.png,322
Masks/image_329.png,305
Masks/image_330.png,373
Masks/image_331.png,342
Masks/image_332.png,92
Masks/image_333.png,134
Masks/image_334.png,176
Masks/image_335.png,178
Masks/image_336.png,196
Masks/image_337.png,262
Masks/image_338.png,379
Masks/image_339.png,347
Masks/image_340.png,215
Masks/image_341.png,172
Masks/image_342.png,195
Masks/image_343.png,220
Masks/image_344.png,210
Masks/image_345.png,254
Masks/image_346.png,320
Masks/image_347.png,302
Masks/image_348.png,329
Masks/image_349.png,307
Masks/image_350.png,395
Masks/image_351.png,325
Masks/image_352.png,405
Masks/image_353.png,272
Masks/image_354.png,206
Masks/image_355.png,181
Masks/image_356.png,179
Masks/image_357.png,187
Masks/image_358.png,188
Masks/image_359.png,198
Masks/image_360.png,196
Masks/image_361.png,305
Masks/image_362.png,271
Masks/image_363.png,236
Masks/image_364.png,153
Masks/image_365.png,209
Masks/image_366.png,191
Masks/image_367.png,209
Masks/image_368.png,198
Masks/image_369.png,211
Masks/image_370.png,183
Masks/image_371.png,183
Masks/image_372.png,244
Masks/image_373.png,227
Masks/image_374.png,213
Masks/image_375.png,304
Masks/image_376.png,341
Masks/image_377.png,378
Masks/image_378.png,311
Masks/image_379.png,261
Masks/image_380.png,162
Masks/image_381.png,193
Masks/image_382.png,232
Masks/image_383.png,205
Masks/image_384.png,188
Masks/image_385.png,185
Masks/image_386.png,236
Masks/image_387.png,190
Masks/image_388.png,139
Masks/image_389.png,211
Masks/image_390.png,208
Masks/image_391.png,198
Masks/image_392.png,197
Masks/image_393.png,219
Masks/image_394.png,236
Masks/image_395.png,252
Masks/image_396.png,230
Masks/image_397.png,242
Masks/image_398.png,228
Masks/image_399.png,238
Masks/image_400.png,205
Masks/image_401.png,232
Masks/image_402.png,281
Masks/image_403.png,241
Masks/image_404.png,208
Masks/image_405.png,209
Masks/image_406.png,224
Masks/image_407.png,210
Masks/image_408.png,191
Masks/image_409.png,205
Masks/image_410.png,198
Masks/image_411.png,200
Masks/image_412.png,193
Masks/image_413.png,184
Masks/image_414.png,186
Masks/image_415.png,232
Masks/image_416.png,198
Masks/image_417.png,204
Masks/image_418.png,165
Masks/image_419.png,167
Masks/image_420.png,190
Masks/image_421.png,176
Masks/image_422.png,188
Masks/image_423.png,254
Masks/image_424.png,258
Masks/image_425.png,291
Masks/image_426.png,308
Masks/image_427.png,294
Masks/image_428.png,276
Masks/image_429.png,289
Masks/image_430.png,262
Masks/image_431.png,361
Masks/image_432.png,335
Masks/image_433.png,267
Masks/image_434.png,327
Masks/image_435.png,357
Masks/image_436.png,374
Masks/image_437.png,441
Masks/image_438.png,377
Masks/image_439.png,301
Masks/image_440.png,361
Masks/image_441.png,279
Masks/image_442.png,274
Masks/image_443.png,329
Masks/image_444.png,284
Masks/image_445.png,354
Masks/image_446.png,260
Masks/image_447.png,246
Masks/image_448.png,240
Masks/image_449.png,295
Masks/image_450.png,251
Masks/image_451.png,264
Masks/image_452.png,288
Masks/image_453.png,297
Masks/image_454.png,279
Masks/image_455.png,295
Masks/image_456.png,251
Masks/image_457.png,274
Masks/image_458.png,255
Masks/image_459.png,283
Masks/image_460.png,259
Masks/image_461.png,238
Masks/image_462.png,250
Masks/image_463.png,265
Masks/image_464.png,284
Masks/image_465.png,251
Masks/image_466.png,254
Masks/image_467.png,213
Masks/image_468.png,187
Masks/image_469.png,176
Masks/image_470.png,81
Masks/image_471.png,103
Masks/image_472.png,111
Masks/image_473.png,169
Masks/image_474.png,162
Masks/image_475.png,205
Masks/image_476.png,179
Masks/image_477.png,220
Masks/image_478.png,289
Masks/image_479.png,290
Masks/image_480.png,399
Masks/image_481.png,370
Masks/image_482.png,438
Masks/image_483.png,428
Masks/image_484.png,342
Masks/image_485.png,414
Masks/image_486.png,476
Masks/image_487.png,464
Masks/image_488.png,568
Masks/image_489.png,578
Masks/image_490.png,664
Masks/image_491.png,558
Masks/image_492.png,443
Masks/image_493.png,538
Masks/image_494.png,704
Masks/image_495.png,786
Masks/image_496.png,846
Masks/image_497.png,912
Masks/image_498.png,960
Masks/image_499.png,1109
Masks/image_500.png,1291
Masks/image_501.png,1253
Masks/image_502.png,1278
Masks/image_503.png,1505
Masks/image_504.png,1517
Masks/image_505.png,1735
Masks/image_506.png,2529
Masks/image_507.png,2994
Masks/image_508.png,3135
Masks/image_509.png,3091
Masks/image_510.png,3064
Masks/image_511.png,3021
Masks/image_512.png,2717
Masks/image_513.png,2689
Masks/image_514.png,2836
Masks/image_515.png,2831
Masks/image_516.png,3011
Masks/image_517.png,3062
Masks/image_518.png,3247
Masks/image_519.png,2457
Masks/image_520.png,2532
Masks/image_521.png,2823
Masks/image_522.png,3277
Masks/image_523.png,3178
Masks/image_524.png,3110
Masks/image_525.png,3194
Masks/image_526.png,3242
Masks/image_527.png,3285
Masks/image_528.png,3436
Masks/image_529.png,2556
Masks/image_530.png,2903
Masks/image_531.png,2268
Masks/image_532.png,2177
Masks/image_533.png,1625
Masks/image_534.png,1396
Masks/image_535.png,1610
Masks/image_536.png,1455
Masks/image_537.png,1771
Masks/image_538.png,1829
Masks/image_539.png,1694
Masks/image_540.png,1686
Masks/image_541.png,1778
Masks/image_542.png,1730
Masks/image_543.png,1607
Masks/image_544.png,1696
Masks/image_545.png,1961
Masks/image_546.png,1571
Masks/image_547.png,1742
Masks/image_548.png,1453
Masks/image_549.png,1486
Masks/image_550.png,1415
Masks/image_551.png,1708
Masks/image_552.png,1783
Masks/image_553.png,1522
Masks/image_554.png,1894
Masks/image_555.png,1926
Masks/image_556.png,1794
Masks/image_557.png,1704
Masks/image_558.png,1824
Masks/image_559.png,1955
Masks/image_560.png,1722
Masks/image_561.png,1876
Masks/image_562.png,1714
Masks/image_563.png,1472
Masks/image_564.png,1100
Masks/image_565.png,1120
Masks/image_566.png,1353
Masks/image_567.png,1281
Masks/image_568.png,1045
Masks/image_569.png,1227
Masks/image_570.png,1262
Masks/image_571.png,1409
Masks/image_572.png,1042
Masks/image_573.png,1401
Masks/image_574.png,1325
Masks/image_575.png,1448
Masks/image_576.png,1594
Masks/image_577.png,1694
Masks/image_578.png,1793
Masks/image_579.png,1747
Masks/image_580.png,1380
Masks/image_581.png,1419
Masks/image_582.png,1613
Masks/image_583.png,1717
Masks/image_584.png,1737
Masks/image_585.png,1921
Masks/image_586.png,1729
Masks/image_587.png,1517
Masks/image_588.png,1563
Masks/image_589.png,1624
Masks/image_590.png,1833
Masks/image_591.png,1916
Masks/image_592.png,1797
Masks/image_593.png,1916
Masks/image_594.png,1811
Masks/image_595.png,1814
Masks/image_596.png,1873
Masks/image_597.png,1831
Masks/image_598.png,2013
Masks/image_599.png,2124
Masks/image_600.png,1081
Masks/image_601.png,1868
Masks/image_602.png,2252
Masks/image_603.png,2187
Masks/image_604.png,1964
Masks/image_605.png,2166
Masks/image_606.png,2103
Masks/image_607.png,2086
Masks/image_608.png,1964
Masks/image_609.png,2071
Masks/image_610.png,2131
Masks/image_611.png,2270
Masks/image_612.png,1948
Masks/image_613.png,2115
Masks/image_614.png,2089
Masks/image_615.png,2025
Masks/image_616.png,2125
Masks/image_617.png,2194
Masks/image_618.png,2181
Masks/image_619.png,1967
Masks/image_620.png,1960
Masks/image_621.png,2100
Masks/image_622.png,2009
Masks/image_623.png,2098
Masks/image_624.png,2283
Masks/image_625.png,2127
Masks/image_626.png,2143
Masks/image_627.png,2038
Masks/image_628.png,1856
Masks/image_629.png,1793
Masks/image_630.png,1935
Masks/image_631.png,1854
Masks/image_632.png,1932
Masks/image_633.png,2089
Masks/image_634.png,2006
Masks/image_635.png,2258
Masks/image_636.png,2012
Masks/image_637.png,1920
Masks/image_638.png,2004
Masks/image_639.png,2070
Masks/image_640.png,1948
Masks/image_641.png,2029
Masks/image_642.png,2288
Masks/image_643.png,2708
Masks/image_644.png,2455
Masks/image_645.png,2392
Masks/image_646.png,2632
Masks/image_647.png,2685
Masks/image_648.png,2790
Masks/image_649.png,2525
Masks/image_650.png,2198
Masks/image_651.png,2330
Masks/image_652.png,2233
Masks/image_653.png,2222
Masks/image_654.png,2452
Masks/image_655.png,2575
Masks/image_656.png,2367
Masks/image_657.png,2267
Masks/image_658.png,2514
Masks/image_659.png,2292
Masks/image_660.png,2298
Masks/image_661.png,2445
Masks/image_662.png,2273
Masks/image_663.png,2144
Masks/image_664.png,1956
Masks/image_665.png,2090
Masks/image_666.png,2291
Masks/image_667.png,2127
Masks/image_668.png,1959
Masks/image_669.png,1960
Masks/image_670.png,2018
Masks/image_671.png,2130
Masks/image_672.png,2295
Masks/image_673.png,2306
Masks/image_674.png,2151
Masks/image_675.png,2227
Masks/image_676.png,2283
Masks/image_677.png,2233
Masks/image_678.png,2258
Masks/image_679.png,2241
Masks/image_680.png,2131
Masks/image_681.png,2052
Masks/image_682.png,2239
Masks/image_683.png,2299
Masks/image_684.png,2332
Masks/image_685.png,2595
Masks/image_686.png,2422
Masks/image_687.png,2498
Masks/image_688.png,2410
Masks/image_689.png,2309
Masks/image_690.png,2641
Masks/image_691.png,2684
Masks/image_692.png,2427
Masks/image_693.png,2439
Masks/image_694.png,2210
Masks/image_695.png,1587
Masks/image_696.png,2412
Masks/image_697.png,2701
Masks/image_698.png,2676
Masks/image_699.png,2604
Masks/image_700.png,2479
Masks/image_701.png,2631
Masks/image_702.png,2790
Masks/image_703.png,2572
Masks/image_704.png,2672
Masks/image_705.png,2349
Masks/image_706.png,2418
Masks/image_707.png,2337
Masks/image_708.png,2503
Masks/image_709.png,2305
Masks/image_710.png,2412
Masks/image_711.png,2334
Masks/image_712.png,2320
Masks/image_713.png,2503
Masks/image_714.png,2719
Masks/image_715.png,2487
Masks/image_716.png,2435
Masks/image_717.png,2496
Masks/image_718.png,2682
Masks/image_719.png,2830
Masks/image_720.png,2832
Masks/image_721.png,2871
Masks/image_722.png,2732
Masks/image_723.png,2599
Masks/image_724.png,2636
Masks/image_725.png,2626
Masks/image_726.png,2795
Masks/image_727.png,2722
Masks/image_728.png,2559
Masks/image_729.png,2666
Masks/image_730.png,2841
Masks/image_731.png,2700
Masks/image_732.png,2533
Masks/image_733.png,2706
Masks/image_734.png,2404
Masks/image_735.png,2466
Masks/image_736.png,2413
Masks/image_737.png,2299
Masks/image_738.png,2263
Masks/image_739.png,2243
Masks/image_740.png,2231
Masks/image_741.png,2284
Masks/image_742.png,2242
Masks/image_743.png,1972
Masks/image_744.png,2059
Masks/image_745.png,2019
Masks/image_746.png,2213
Masks/image_747.png,2102
Masks/image_748.png,2090
Masks/image_749.png,2058
Masks/image_750.png,1996
Masks/image_751.png,2080
Masks/image_752.png,2027
Masks/image_753.png,1998
Masks/image_754.png,2060
Masks/image_755.png,2016
Masks/image_756.png,1909
Masks/image_757.png,2007
Masks/image_758.png,1929
Masks/image_759.png,1855
Masks/image_760.png,1864
Masks/image_761.png,1920
Masks/image_762.png,1937
Masks/image_763.png,1978
Masks/image_764.png,1911
Masks/image_765.png,1862
Masks/image_766.png,1938
Masks/image_767.png,1980
Masks/image_768.png,1915
Masks/image_769.png,2069
Masks/image_770.png,2023
Masks/image_771.png,2017
Masks/image_772.png,1935
Masks/image_773.png,1895
Masks/image_774.png,1997
Masks/image_775.png,2011
Masks/image_776.png,2073
Masks/image_777.png,2059
Masks/image_778.png,2026
Masks/image_779.png,2051
Masks/image_780.png,1925
Masks/image_781.png,1918
Masks/image_782.png,1894
Masks/image_783.png,1981
Masks/image_784.png,1863
Masks/image_785.png,1974
Masks/image_786.png,1982
Masks/image_787.png,1975
Masks/image_788.png,1930
Masks/image_789.png,1909
Masks/image_790.png,1896
Masks/image_791.png,1926
Masks/image_792.png,1938
Masks/image_793.png,1796
Masks/image_794.png,1711
Masks/image_795.png,1888
Masks/image_796.png,2016
Masks/image_797.png,1901
Masks/image_798.png,1956
Masks/image_799.png,2151
Masks/image_800.png,2085
Masks/image_801.png,2077
Masks/image_802.png,2035
Masks/image_803.png,2005
Masks/image_804.png,2020
Masks/image_805.png,2075
Masks/image_806.png,1998
Masks/image_807.png,2174
Masks/image_808.png,2085
Masks/image_809.png,2186
Masks/image_810.png,2114
Masks/image_811.png,2039
Masks/image_812.png,2205
Masks/image_813.png,2167
Masks/image_814.png,2283
Masks/image_815.png,2328
Masks/image_816.png,2376
Masks/image_817.png,2390
Masks/image_818.png,2344
Masks/image_819.png,2182
Masks/image_820.png,1825
Masks/image_821.png,1565
Masks/image_822.png,1330
Masks/image_823.png,1318
Masks/image_824.png,1266
Masks/image_825.png,1174
Masks/image_826.png,1208
Masks/image_827.png,1232
Masks/image_828.png,1098
Masks/image_829.png,1191
Masks/image_830.png,1110
Masks/image_831.png,1113
Masks/image_832.png,1080
Masks/image_833.png,1200
Masks/image_834.png,1103
Masks/image_835.png,1217
Masks/image_836.png,1206
Masks/image_837.png,1149
Masks/image_838.png,1175
Masks/image_839.png,1216
Masks/image_840.png,1241
Masks/image_841.png,1193
Masks/image_842.png,1256
Masks/image_843.png,1140
Masks/image_844.png,1254
Masks/image_845.png,1178
Masks/image_846.png,1208
Masks/image_847.png,1333
Masks/image_848.png,1367
Masks/image_849.png,891
Masks/image_850.png,1457
Masks/image_851.png,1419
Masks/image_852.png,1496
Masks/image_853.png,1533
Masks/image_854.png,1414
Masks/image_855.png,1662
Masks/image_856.png,1840
Masks/image_857.png,1740
Masks/image_858.png,1690
Masks/image_859.png,1664
Masks/image_860.png,1203
Masks/image_861.png,1114
Masks/image_862.png,1047
Masks/image_863.png,1191
Masks/image_864.png,1169
Masks/image_865.png,1176
Masks/image_866.png,1033
Masks/image_867.png,804
Masks/image_868.png,694
Masks/image_869.png,660
Masks/image_870.png,651
Masks/image_871.png,722
Masks/image_872.png,684
Masks/image_873.png,659
Masks/image_874.png,652
Masks/image_875.png,610
Masks/image_876.png,576
Masks/image_877.png,572
Masks/image_878.png,542
Masks/image_879.png,539
Masks/image_880.png,555
Masks/image_881.png,448
Masks/image_882.png,426
Masks/image_883.png,334
Masks/image_884.png,296
Masks/image_885.png,23
Masks/image_886.png,63
Masks/image_887.png,72
Masks/image_888.png,69
Masks/image_889.png,66
Masks/image_890.png,69
Masks/image_891.png,50
Masks/image_892.png,60
Masks/image_893.png,69
Masks/image_894.png,71
Masks/image_895.png,77
Masks/image_896.png,62
Masks/image_897.png,68
Masks/image_898.png,78
Masks/image_899.png,79
Masks/image_900.png,89
Masks/image_901.png,85
Masks/image_902.png,78
Masks/image_903.png,76
Masks/image_904.png,69
Masks/image_905.png,80
Masks/image_906.png,81
Masks/image_907.png,86
Masks/image_908.png,75
Masks/image_909.png,71
Masks/image_910.png,81
Masks/image_911.png,82
Masks/image_912.png,78
Masks/image_913.png,78
Masks/image_914.png,76
Masks/image_915.png,81
Masks/image_916.png,88
Masks/image_917.png,92
Masks/image_918.png,78
Masks/image_919.png,78
Masks/image_920.png,52
Masks/image_921.png,60
Masks/image_922.png,66
Masks/image_923.png,66
Masks/image_924.png,68
Masks/image_925.png,65
Masks/image_926.png,62
Masks/image_927.png,70
Masks/image_928.png,78
Masks/image_929.png,78
Masks/image_930.png,70
Masks/image_931.png,70
Masks/image_932.png,51
Masks/image_933.png,59
Masks/image_934.png,49
Masks/image_935.png,60
Masks/image_936.png,80
Masks/image_937.png,59
Masks/image_938.png,61
Masks/image_939.png,59
Masks/image_940.png,57
Masks/image_941.png,60
Masks/image_942.png,47
Masks/image_943.png,293
Masks/image_944.png,376
Masks/image_945.png,424
Masks/image_946.png,623
Masks/image_947.png,765
Masks/image_948.png,1022
Masks/image_949.png,1348
Masks/image_950.png,1283
Masks/image_951.png,1400
Masks/image_952.png,1330
Masks/image_953.png,1347
Masks/image_954.png,1303
Masks/image_955.png,1129
Masks/image_956.png,1086
Masks/image_957.png,1093
Masks/image_958.png,1022
Masks/image_959.png,965
Masks/image_960.png,1053
Masks/image_961.png,949
Masks/image_962.png,1065
Masks/image_963.png,945
Masks/image_964.png,1083
Masks/image_965.png,1051
Masks/image_966.png,979
Masks/image_967.png,999
Masks/image_968.png,1011
Masks/image_969.png,1482
Masks/image_970.png,1970
Masks/image_971.png,1856
Masks/image_972.png,1729
Masks/image_973.png,1712
Masks/image_974.png,1575
Masks/image_975.png,1617
Masks/image_976.png,1696
Masks/image_977.png,1591
Masks/image_978.png,1735
Masks/image_979.png,1625
Masks/image_980.png,1473
Masks/image_981.png,1421
Masks/image_982.png,1119
Masks/image_983.png,1078
Masks/image_984.png,887
Masks/image_985.png,910
Masks/image_986.png,959
Masks/image_987.png,928
Masks/image_988.png,976
Masks/image_989.png,905
Masks/image_990.png,765
Masks/image_991.png,757
Masks/image_992.png,763
Masks/image_993.png,767
Masks/image_994.png,812
Masks/image_995.png,746
Masks/image_996.png,787
Masks/image_997.png,800
Masks/image_998.png,738
Masks/image_999.png,712
Masks/image_1000.png,814
Masks/image_1001.png,795
Masks/image_1002.png,851
Masks/image_1003.png,849
Masks/image_1004.png,914
Masks/image_1005.png,961
Masks/image_1006.png,930
Masks/image_1007.png,874
Masks/image_1008.png,968
Masks/image_1009.png,911
Masks/image_1010.png,957
Masks/image_1011.png,1094
Masks/image_1012.png,915
Masks/image_1013.png,971
Masks/image_1014.png,968
Masks/image_1015.png,979
Masks/image_1016.png,949
Masks/image_1017.png,917
Masks/image_1018.png,913
Masks/image_1019.png,945
Masks/image_1020.png,819
Masks/image_1021.png,998
Masks/image_1022.png,784
Masks/image_1023.png,724
Masks/image_1024.png,719
Masks/image_1025.png,758
Masks/image_1026.png,777
Masks/image_1027.png,800
Masks/image_1028.png,798
Masks/image_1029.png,814
Masks/image_1030.png,868
Masks/image_1031.png,819
Masks/image_1032.png,860
Masks/image_1033.png,933
Masks/image_1034.png,932
Masks/image_1035.png,1003
Masks/image_1036.png,998
Masks/image_1037.png,840
Masks/image_1038.png,855
Masks/image_1039.png,845
Masks/image_1040.png,830
Masks/image_1041.png,871
Masks/image_1042.png,845
Masks/image_1043.png,888
Masks/image_1044.png,838
Masks/image_1045.png,911
Masks/image_1046.png,953
Masks/image_1047.png,987
Masks/image_1048.png,952
Masks/image_1049.png,896
Masks/image_1050.png,863
Masks/image_1051.png,948
Masks/image_1052.png,1010
Masks/image_1053.png,1095
Masks/image_1054.png,926
Masks/image_1055.png,876
Masks/image_1056.png,955
Masks/image_1057.png,1008
Masks/image_1058.png,994
Masks/image_1059.png,886
Masks/image_1060.png,958
Masks/image_1061.png,937
Masks/image_1062.png,924
Masks/image_1063.png,887
Masks/image_1064.png,898
Masks/image_1065.png,896
Masks/image_1066.png,917
Masks/image_1067.png,926
Masks/image_1068.png,966
Masks/image_1069.png,979
Masks/image_1070.png,1014
Masks/image_1071.png,924
Masks/image_1072.png,899
Masks/image_1073.png,938
Masks/image_1074.png,983
Masks/image_1075.png,1022
Masks/image_1076.png,1047
Masks/image_1077.png,1054
Masks/image_1078.png,999
Masks/image_1079.png,1003
Masks/image_1080.png,1089
Masks/image_1081.png,1074
Masks/image_1082.png,1141
Masks/image_1083.png,1216
Masks/image_1084.png,1042
Masks/image_1085.png,958
Masks/image_1086.png,994
Masks/image_1087.png,948
Masks/image_1088.png,1083
Masks/image_1089.png,929
Masks/image_1090.png,930
Masks/image_1091.png,1056
Masks/image_1092.png,1061
Masks/image_1093.png,1077
Masks/image_1094.png,1042
Masks/image_1095.png,986
Masks/image_1096.png,1058
Masks/image_1097.png,997
Masks/image_1098.png,1041
Masks/image_1099.png,1001
Masks/image_1100.png,1096
Masks/image_1101.png,1078
Masks/image_1102.png,1102
Masks/image_1103.png,1088
Masks/image_1104.png,974
Masks/image_1105.png,1075
Masks/image_1106.png,1232
Masks/image_1107.png,1219
Masks/image_1108.png,1239
Masks/image_1109.png,1197
Masks/image_1110.png,1206
Masks/image_1111.png,1162
Masks/image_1112.png,996
Masks/image_1113.png,1080
Masks/image_1114.png,1133
Masks/image_1115.png,1151
Masks/image_1116.png,1176
Masks/image_1117.png,1256
Masks/image_1118.png,1138
Masks/image_1119.png,1228
Masks/image_1120.png,1417
Masks/image_1121.png,1377
Masks/image_1122.png,1381
Masks/image_1123.png,1454
Masks/image_1124.png,1437
Masks/image_1125.png,1459
Masks/image_1126.png,1353
Masks/image_1127.png,1350
Masks/image_1128.png,1299
Masks/image_1129.png,1386
Masks/image_1130.png,1352
Masks/image_1131.png,1324
Masks/image_1132.png,1251
Masks/image_1133.png,1299
Masks/image_1134.png,1394
Masks/image_1135.png,1240
Masks/image_1136.png,1514
Masks/image_1137.png,1516
Masks/image_1138.png,1313
Masks/image_1139.png,1241
Masks/image_1140.png,1081
Masks/image_1141.png,1305
Masks/image_1142.png,1172
Masks/image_1143.png,1235
Masks/image_1144.png,1316
Masks/image_1145.png,1414
Masks/image_1146.png,1301
Masks/image_1147.png,1184
Masks/image_1148.png,1268
Masks/image_1149.png,1299
Masks/image_1150.png,1576
Masks/image_1151.png,1414
Masks/image_1152.png,1388
Masks/image_1153.png,1372
Masks/image_1154.png,1352
Masks/image_1155.png,1502
Masks/image_1156.png,1333
Masks/image_1157.png,1377
Masks/image_1158.png,1422
Masks/image_1159.png,1479
Masks/image_1160.png,1505
Masks/image_1161.png,1492
Masks/image_1162.png,1504
Masks/image_1163.png,1308
Masks/image_1164.png,1170
Masks/image_1165.png,1264
Masks/image_1166.png,1228
Masks/image_1167.png,1268
Masks/image_1168.png,1308
Masks/image_1169.png,1400
Masks/image_1170.png,1450
Masks/image_1171.png,1359
Masks/image_1172.png,1465
Masks/image_1173.png,1514
Masks/image_1174.png,1484
Masks/image_1175.png,1554
Masks/image_1176.png,1528
Masks/image_1177.png,1712
Masks/image_1178.png,1622
Masks/image_1179.png,1790
Masks/image_1180.png,1706
Masks/image_1181.png,1806
Masks/image_1182.png,1575
Masks/image_1183.png,1802
Masks/image_1184.png,1680
Masks/image_1185.png,1832
Masks/image_1186.png,1853
Masks/image_1187.png,1781
Masks/image_1188.png,1788
Masks/image_1189.png,1817
Masks/image_1190.png,1851
Masks/image_1191.png,1656
Masks/image_1192.png,1365
Masks/image_1193.png,1367
Masks/image_1194.png,1415
Masks/image_1195.png,1523
Masks/image_1196.png,973
Masks/image_1197.png,1678
Masks/image_1198.png,1615
Masks/image_1199.png,1556
Masks/image_1200.png,1670
Masks/image_1201.png,1875
Masks/image_1202.png,1859
Masks/image_1203.png,1649
Masks/image_1204.png,1712
Masks/image_1205.png,1791
Masks/image_1206.png,1969
Masks/image_1207.png,2020
Masks/image_1208.png,2108
Masks/image_1209.png,2130
Masks/image_1210.png,2124
Masks/image_1211.png,1933
Masks/image_1212.png,2064
Masks/image_1213.png,2068
Masks/image_1214.png,2018
Masks/image_1215.png,2063
Masks/image_1216.png,1985
Masks/image_1217.png,2067
Masks/image_1218.png,2014
Masks/image_1219.png,2100
Masks/image_1220.png,2064
Masks/image_1221.png,2170
Masks/image_1222.png,2297
Masks/image_1223.png,2254
Masks/image_1224.png,2401
Masks/image_1225.png,2584
Masks/image_1226.png,2657
Masks/image_1227.png,2902
Masks/image_1228.png,2854
Masks/image_1229.png,2877
Masks/image_1230.png,2465
Masks/image_1231.png,2730
Masks/image_1232.png,2695
Masks/image_1233.png,3175
Masks/image_1234.png,2838
Masks/image_1235.png,3099
Masks/image_1236.png,3094
Masks/image_1237.png,3254
Masks/image_1238.png,3651
Masks/image_1239.png,3428
Masks/image_1240.png,2876
Masks/image_1241.png,3653
Masks/image_1242.png,3587
Masks/image_1243.png,2730
Masks/image_1244.png,2877
Masks/image_1245.png,2850
Masks/image_1246.png,2875
Masks/image_1247.png,2840
Masks/image_1248.png,2819
Masks/image_1249.png,2911
Masks/image_1250.png,3087
Masks/image_1251.png,3262
Masks/image_1252.png,3598
Masks/image_1253.png,3419
Masks/image_1254.png,3519
Masks/image_1255.png,3589
Masks/image_1256.png,3527
Masks/image_1257.png,3605
Masks/image_1258.png,3681
Masks/image_1259.png,3665
Masks/image_1260.png,3542
Masks/image_1261.png,1604
Masks/image_1262.png,3808
Masks/image_1263.png,3828
Masks/image_1264.png,3741
Masks/image_1265.png,3960
Masks/image_1266.png,3962
Masks/image_1267.png,3827
Masks/image_1268.png,3648
Masks/image_1269.png,3594
Masks/image_1270.png,3886
Masks/image_1271.png,3738
Masks/image_1272.png,3825
Masks/image_1273.png,3778
Masks/image_1274.png,3659
Masks/image_1275.png,3619
Masks/image_1276.png,3812
Masks/image_1277.png,3311
Masks/image_1278.png,3391
Masks/image_1279.png,3400
Masks/image_1280.png,3567
Masks/image_1281.png,3600
Masks/image_1282.png,3737
Masks/image_1283.png,3834
Masks/image_1284.png,3911
Masks/image_1285.png,4086
Masks/image_1286.png,3941
Masks/image_1287.png,4017
Masks/image_1288.png,4218
Masks/image_1289.png,4244
Masks/image_1290.png,4304
Masks/image_1291.png,3844
Masks/image_1292.png,4222
Masks/image_1293.png,4043
Masks/image_1294.png,4051
Masks/image_1295.png,4044
Masks/image_1296.png,3551
Masks/image_1297.png,3832
Masks/image_1298.png,3863
Masks/image_1299.png,3672
Masks/image_1300.png,3706
Masks/image_1301.png,3415
Masks/image_1302.png,3611
Masks/image_1303.png,4165
Masks/image_1304.png,4218
Masks/image_1305.png,3962
Masks/image_1306.png,3768
Masks/image_1307.png,3924
Masks/image_1308.png,4078
Masks/image_1309.png,3920
Masks/image_1310.png,3803
Masks/image_1311.png,3894
Masks/image_1312.png,3871
Masks/image_1313.png,3968
Masks/image_1314.png,4093
Masks/image_1315.png,3993
Masks/image_1316.png,3922
Masks/image_1317.png,4218
Masks/image_1318.png,4123
Masks/image_1319.png,4264
Masks/image_1320.png,4390
Masks/image_1321.png,4228
Masks/image_1322.png,4316
Masks/image_1323.png,4307
Masks/image_1324.png,4298
Masks/image_1325.png,4394
Masks/image_1326.png,4452
Masks/image_1327.png,4431
Masks/image_1328.png,4437
Masks/image_1329.png,4460
Masks/image_1330.png,4459
Masks/image_1331.png,4450
Masks/image_1332.png,4501
Masks/image_1333.png,4485
Masks/image_1334.png,4581
Masks/image_1335.png,4289
Masks/image_1336.png,4350
Masks/image_1337.png,4519
Masks/image_1338.png,3969
Masks/image_1339.png,4205
Masks/image_1340.png,3964
Masks/image_1341.png,4083
Masks/image_1342.png,4260
Masks/image_1343.png,4405
Masks/image_1344.png,4153
Masks/image_1345.png,4051
Masks/image_1346.png,4312
Masks/image_1347.png,4171
Masks/image_1348.png,4267
Masks/image_1349.png,3747
Masks/image_1350.png,3638
Masks/image_1351.png,3757
Masks/image_1352.png,3739
Masks/image_1353.png,4152
Masks/image_1354.png,3778
Masks/image_1355.png,3652
Masks/image_1356.png,3567
Masks/image_1357.png,3359
Masks/image_1358.png,3209
Masks/image_1359.png,3319
Masks/image_1360.png,3153
Masks/image_1361.png,3088
Masks/image_1362.png,2834
Masks/image_1363.png,2804
Masks/image_1364.png,2849
Masks/image_1365.png,2235
Masks/image_1366.png,2137
Masks/image_1367.png,2179
Masks/image_1368.png,2337
Masks/image_1369.png,1997
Masks/image_1370.png,2125
Masks/image_1371.png,2117
Masks/image_1372.png,2118
Masks/image_1373.png,2239
Masks/image_1374.png,2515
Masks/image_1375.png,2253
Masks/image_1376.png,2221
Masks/image_1377.png,2265
Masks/image_1378.png,2337
Masks/image_1379.png,2145
Masks/image_1380.png,2131
Masks/image_1381.png,2188
Masks/image_1382.png,2102
Masks/image_1383.png,2295
Masks/image_1384.png,2479
Masks/image_1385.png,1977
Masks/image_1386.png,1991
Masks/image_1387.png,2199
Masks/image_1388.png,2092
Masks/image_1389.png,1967
Masks/image_1390.png,2066
Masks/image_1391.png,2070
Masks/image_1392.png,1975
Masks/image_1393.png,2072
Masks/image_1394.png,2310
Masks/image_1395.png,2244
Masks/image_1396.png,2304
Masks/image_1397.png,2666
Masks/image_1398.png,2623
Masks/image_1399.png,2567
Masks/image_1400.png,2403
Masks/image_1401.png,2520
Masks/image_1402.png,2549
Masks/image_1403.png,2252
Masks/image_1404.png,2398
Masks/image_1405.png,2476
Masks/image_1406.png,2528
Masks/image_1407.png,2412
Masks/image_1408.png,2332
Masks/image_1409.png,2636
Masks/image_1410.png,2617
Masks/image_1411.png,2925
Masks/image_1412.png,2984
Masks/image_1413.png,2900
Masks/image_1414.png,3457
Masks/image_1415.png,3623
Masks/image_1416.png,3785
Masks/image_1417.png,3822
Masks/image_1418.png,4085
Masks/image_1419.png,3847
Masks/image_1420.png,4148
Masks/image_1421.png,3916
Masks/image_1422.png,4182
Masks/image_1423.png,3945
Masks/image_1424.png,3526
Masks/image_1425.png,2824
Masks/image_1426.png,2652
Masks/image_1427.png,2403
Masks/image_1428.png,2032
Masks/image_1429.png,1690
Masks/image_1430.png,1111
Masks/image_1431.png,583
Masks/image_1432.png,173
Masks/image_1433.png,899
Masks/image_1434.png,1133
Masks/image_1435.png,1497
Masks/image_1436.png,1401
Masks/image_1437.png,1276
Masks/image_1438.png,1142
Masks/image_1439.png,1171
Masks/image_1440.png,1197
Masks/image_1441.png,1257
Masks/image_1442.png,1178
Masks/image_1443.png,1360
Masks/image_1444.png,1195
Masks/image_1445.png,1282
Masks/image_1446.png,888
Masks/image_1447.png,1002
Masks/image_1448.png,754
Masks/image_1449.png,1286
Masks/image_1450.png,1885
Masks/image_1451.png,1776
Masks/image_1452.png,1679
Masks/image_1453.png,1728
Masks/image_1454.png,1615
Masks/image_1455.png,1589
Masks/image_1456.png,1480
Masks/image_1457.png,1361
Masks/image_1458.png,1357
Masks/image_1459.png,1473
Masks/image_1460.png,1268
Masks/image_1461.png,1311
Masks/image_1462.png,1408
Masks/image_1463.png,1352
Masks/image_1464.png,1302
Masks/image_1465.png,1355
Masks/image_1466.png,1292
Masks/image_1467.png,1236
Masks/image_1468.png,1278
Masks/image_1469.png,1123
Masks/image_1470.png,993
Masks/image_1471.png,973
Masks/image_1472.png,999
Masks/image_1473.png,1074
Masks/image_1474.png,1149
Masks/image_1475.png,1091
Masks/image_1476.png,1159
Masks/image_1477.png,1173
Masks/image_1478.png,1080
Masks/image_1479.png,1077
Masks/image_1480.png,1106
Masks/image_1481.png,1153
Masks/image_1482.png,1003
Masks/image_1483.png,1045
Masks/image_1484.png,1228
Masks/image_1485.png,1063
Masks/image_1486.png,1094
Masks/image_1487.png,1079
Masks/image_1488.png,1114
Masks/image_1489.png,1267
Masks/image_1490.png,1234
Masks/image_1491.png,1195
Masks/image_1492.png,1291
Masks/image_1493.png,1276
Masks/image_1494.png,1277
Masks/image_1495.png,1152
Masks/image_1496.png,1124
Masks/image_1497.png,1009
Masks/image_1498.png,1110
Masks/image_1499.png,1169
Masks/image_1500.png,1194
Masks/image_1501.png,1194
Masks/image_1502.png,1233
Masks/image_1503.png,1227
Masks/image_1504.png,1257
Masks/image_1505.png,1197
Masks/image_1506.png,1231
Masks/image_1507.png,1264
Masks/image_1508.png,1189
Masks/image_1509.png,1258
Masks/image_1510.png,1275
Masks/image_1511.png,1243
Masks/image_1512.png,1293
Masks/image_1513.png,1261
Masks/image_1514.png,1386
Masks/image_1515.png,1408
Masks/image_1516.png,1435
Masks/image_1517.png,1391
Masks/image_1518.png,1304
Masks/image_1519.png,1338
Masks/image_1520.png,1270
Masks/image_1521.png,1197
Masks/image_1522.png,1155
Masks/image_1523.png,1248
Masks/image_1524.png,1241
Masks/image_1525.png,1277
Masks/image_1526.png,1365
Masks/image_1527.png,1265
Masks/image_1528.png,1228
Masks/image_1529.png,1265
Masks/image_1530.png,1218
Masks/image_1531.png,1213
Masks/image_1532.png,1283
Masks/image_1533.png,1191
Masks/image_1534.png,1362
Masks/image_1535.png,1219
Masks/image_1536.png,1228
Masks/image_1537.png,1307
Masks/image_1538.png,1334
Masks/image_1539.png,1367
Masks/image_1540.png,1429
Masks/image_1541.png,1495
Masks/image_1542.png,1449
Masks/image_1543.png,1481
Masks/image_1544.png,1423
Masks/image_1545.png,1498
Masks/image_1546.png,1443
Masks/image_1547.png,1348
Masks/image_1548.png,1342
Masks/image_1549.png,1321
Masks/image_1550.png,1225
Masks/image_1551.png,1294
Masks/image_1552.png,1199
Masks/image_1553.png,1242
Masks/image_1554.png,1195
Masks/image_1555.png,1257
Masks/image_1556.png,1269
Masks/image_1557.png,1267
Masks/image_1558.png,1262
Masks/image_1559.png,1259
Masks/image_1560.png,1371
Masks/image_1561.png,1455
Masks/image_1562.png,1506
Masks/image_1563.png,1550
Masks/image_1564.png,1542
Masks/image_1565.png,1542
Masks/image_1566.png,1565
Masks/image_1567.png,1583
Masks/image_1568.png,1570
Masks/image_1569.png,1536
Masks/image_1570.png,1410
Masks/image_1571.png,1511
Masks/image_1572.png,1476
Masks/image_1573.png,1581
Masks/image_1574.png,1510
Masks/image_1575.png,1600
Masks/image_1576.png,1363
Masks/image_1577.png,1284
Masks/image_1578.png,1462
Masks/image_1579.png,1488
Masks/image_1580.png,1503
Masks/image_1581.png,1413
Masks/image_1582.png,1528
Masks/image_1583.png,1587
Masks/image_1584.png,1516
Masks/image_1585.png,1547
Masks/image_1586.png,1448
Masks/image_1587.png,1439
Masks/image_1588.png,1374
Masks/image_1589.png,1320
Masks/image_1590.png,1349
Masks/image_1591.png,1406
Masks/image_1592.png,1361
Masks/image_1593.png,1392
Masks/image_1594.png,1390
Masks/image_1595.png,1365
Masks/image_1596.png,1474
Masks/image_1597.png,1445
Masks/image_1598.png,1431
Masks/image_1599.png,1428
Masks/image_1600.png,1392
Masks/image_1601.png,1458
Masks/image_1602.png,1352
Masks/image_1603.png,1456
Masks/image_1604.png,1448
Masks/image_1605.png,1425
Masks/image_1606.png,1367
Masks/image_1607.png,1351
Masks/image_1608.png,1443
Masks/image_1609.png,1458
Masks/image_1610.png,1549
Masks/image_1611.png,1688
Masks/image_1612.png,1687
Masks/image_1613.png,1694
Masks/image_1614.png,1582
Masks/image_1615.png,1688
Masks/image_1616.png,1639
Masks/image_1617.png,1649
Masks/image_1618.png,1780
Masks/image_1619.png,1599
Masks/image_1620.png,1515
Masks/image_1621.png,1228
Masks/image_1622.png,1212
Masks/image_1623.png,1205
Masks/image_1624.png,1258
Masks/image_1625.png,1249
Masks/image_1626.png,1383
Masks/image_1627.png,1326
Masks/image_1628.png,1341
Masks/image_1629.png,1297
Masks/image_1630.png,1346
Masks/image_1631.png,1446
Masks/image_1632.png,1470
Masks/image_1633.png,1513
Masks/image_1634.png,1441
Masks/image_1635.png,1559
Masks/image_1636.png,1589
Masks/image_1637.png,1507
Masks/image_1638.png,1491
Masks/image_1639.png,1488
Masks/image_1640.png,1406
Masks/image_1641.png,1409
Masks/image_1642.png,1319
Masks/image_1643.png,1389
Masks/image_1644.png,1409
Masks/image_1645.png,1364
Masks/image_1646.png,1436
Masks/image_1647.png,1399
Masks/image_1648.png,1508
Masks/image_1649.png,1504
Masks/image_1650.png,1506
Masks/image_1651.png,1229
Masks/image_1652.png,1174
Masks/image_1653.png,1344
Masks/image_1654.png,1320
Masks/image_1655.png,1288
Masks/image_1656.png,1177
Masks/image_1657.png,1127
Masks/image_1658.png,1266
Masks/image_1659.png,1235
Masks/image_1660.png,1281
Masks/image_1661.png,1220
Masks/image_1662.png,1248
Masks/image_1663.png,1223
Masks/image_1664.png,1321
Masks/image_1665.png,1192
Masks/image_1666.png,1290
Masks/image_1667.png,1357
Masks/image_1668.png,1374
Masks/image_1669.png,1674
Masks/image_1670.png,1835
Masks/image_1671.png,2030
Masks/image_1672.png,2248
Masks/image_1673.png,2273
Masks/image_1674.png,2435
Masks/image_1675.png,2501
Masks/image_1676.png,2805
Masks/image_1677.png,3090
Masks/image_1678.png,2979
Masks/image_1679.png,3441
Masks/image_1680.png,3050
Masks/image_1681.png,3192
Masks/image_1682.png,3214
Masks/image_1683.png,3043
Masks/image_1684.png,2915
Masks/image_1685.png,2777
Masks/image_1686.png,2739
Masks/image_1687.png,2655
Masks/image_1688.png,2649
Masks/image_1689.png,2655
Masks/image_1690.png,2810
Masks/image_1691.png,2777
Masks/image_1692.png,2608
Masks/image_1693.png,2604
Masks/image_1694.png,2741
Masks/image_1695.png,2445
Masks/image_1696.png,2596
Masks/image_1697.png,2392
Masks/image_1698.png,2277
Masks/image_1699.png,2274
Masks/image_1700.png,2402
Masks/image_1701.png,2500
Masks/image_1702.png,2659
Masks/image_1703.png,2683
Masks/image_1704.png,2505
Masks/image_1705.png,2416
Masks/image_1706.png,2360
Masks/image_1707.png,2527
Masks/image_1708.png,2458
Masks/image_1709.png,2361
Masks/image_1710.png,2409
Masks/image_1711.png,2493
Masks/image_1712.png,2378
Masks/image_1713.png,2558
Masks/image_1714.png,2675
Masks/image_1715.png,2618
Masks/image_1716.png,2602
Masks/image_1717.png,2712
Masks/image_1718.png,2289
Masks/image_1719.png,2143
Masks/image_1720.png,2177
Masks/image_1721.png,2053
Masks/image_1722.png,2204
Masks/image_1723.png,2195
Masks/image_1724.png,2237
Masks/image_1725.png,2204
Masks/image_1726.png,2249
Masks/image_1727.png,2436
Masks/image_1728.png,2579
Masks/image_1729.png,2692
Masks/image_1730.png,2549
Masks/image_1731.png,2763
Masks/image_1732.png,2672
Masks/image_1733.png,2419
Masks/image_1734.png,2496
Masks/image_1735.png,2537
Masks/image_1736.png,2708
Masks/image_1737.png,2451
Masks/image_1738.png,2514
Masks/image_1739.png,2356
Masks/image_1740.png,2469
Masks/image_1741.png,2520
Masks/image_1742.png,2190
Masks/image_1743.png,2101
Masks/image_1744.png,2135
Masks/image_1745.png,1925
Masks/image_1746.png,2028
Masks/image_1747.png,2098
Masks/image_1748.png,2081
Masks/image_1749.png,2233
Masks/image_1750.png,2134
Masks/image_1751.png,2268
Masks/image_1752.png,2159
Masks/image_1753.png,2666
Masks/image_1754.png,2153
Masks/image_1755.png,1953
Masks/image_1756.png,1708
Masks/image_1757.png,1821
Masks/image_1758.png,1679
Masks/image_1759.png,1704
Masks/image_1760.png,1782
Masks/image_1761.png,1906
Masks/image_1762.png,1812
Masks/image_1763.png,1737
Masks/image_1764.png,1645
Masks/image_1765.png,1736
Masks/image_1766.png,1615
Masks/image_1767.png,1547
Masks/image_1768.png,1475
Masks/image_1769.png,1459
Masks/image_1770.png,1235
Masks/image_1771.png,1341
Masks/image_1772.png,1251
Masks/image_1773.png,1299
Masks/image_1774.png,1359
Masks/image_1775.png,1344
Masks/image_1776.png,1245
Masks/image_1777.png,1182
Masks/image_1778.png,1242
Masks/image_1779.png,1214
Masks/image_1780.png,1162
Masks/image_1781.png,1297
Masks/image_1782.png,1144
Masks/image_1783.png,1207
Masks/image_1784.png,1108
Masks/image_1785.png,1215
Masks/image_1786.png,1265
Masks/image_1787.png,1177
Masks/image_1788.png,1226
Masks/image_1789.png,1214
Masks/image_1790.png,1265
Masks/image_1791.png,1142
Masks/image_1792.png,1165
Masks/image_1793.png,1110
Masks/image_1794.png,1062
Masks/image_1795.png,1115
Masks/image_1796.png,1133
Masks/image_1797.png,1052
Masks/image_1798.png,1106
Masks/image_1799.png,1040
Masks/image_1800.png,1005
Masks/image_1801.png,993
Masks/image_1802.png,1048
Masks/image_1803.png,1147
Masks/image_1804.png,1183
Masks/image_1805.png,1214
Masks/image_1806.png,1154
Masks/image_1807.png,1170
Masks/image_1808.png,1110
Masks/image_1809.png,1177
Masks/image_1810.png,1114
Masks/image_1811.png,1085
Masks/image_1812.png,1136
Masks/image_1813.png,1198
Masks/image_1814.png,1075
Masks/image_1815.png,1102
Masks/image_1816.png,1066
Masks/image_1817.png,1105
Masks/image_1818.png,1127
Masks/image_1819.png,1123
Masks/image_1820.png,1089
Masks/image_1821.png,1137
Masks/image_1822.png,1121
Masks/image_1823.png,1205
Masks/image_1824.png,1221
Masks/image_1825.png,1217
Masks/image_1826.png,1108
Masks/image_1827.png,1117
Masks/image_1828.png,1065
Masks/image_1829.png,1148
Masks/image_1830.png,1270
Masks/image_1831.png,1293
Masks/image_1832.png,1244
Masks/image_1833.png,1165
Masks/image_1834.png,1262
Masks/image_1835.png,1259
Masks/image_1836.png,1208
Masks/image_1837.png,1159
Masks/image_1838.png,1216
Masks/image_1839.png,1193
Masks/image_1840.png,1209
Masks/image_1841.png,1338
Masks/image_1842.png,1239
Masks/image_1843.png,1345
Masks/image_1844.png,1197
Masks/image_1845.png,1259
Masks/image_1846.png,1265
Masks/image_1847.png,1282
Masks/image_1848.png,1135
Masks/image_1849.png,1061
Masks/image_1850.png,1087
Masks/image_1851.png,1153
Masks/image_1852.png,1178
Masks/image_1853.png,1297
Masks/image_1854.png,1245
Masks/image_1855.png,1290
Masks/image_1856.png,1298
Masks/image_1857.png,1288
Masks/image_1858.png,1268
Masks/image_1859.png,1283
Masks/image_1860.png,1305
Masks/image_1861.png,1306
Masks/image_1862.png,1308
Masks/image_1863.png,1356
Masks/image_1864.png,1452
Masks/image_1865.png,1263
Masks/image_1866.png,1130
Masks/image_1867.png,1220
Masks/image_1868.png,1077
Masks/image_1869.png,998
Masks/image_1870.png,1200
Masks/image_1871.png,1237
Masks/image_1872.png,1265
Masks/image_1873.png,1227
Masks/image_1874.png,1189
Masks/image_1875.png,1215
Masks/image_1876.png,1323
Masks/image_1877.png,1196
Masks/image_1878.png,1173
Masks/image_1879.png,1133
Masks/image_1880.png,1196
Masks/image_1881.png,1261
Masks/image_1882.png,1227
Masks/image_1883.png,1198
Masks/image_1884.png,1232
Masks/image_1885.png,1250
Masks/image_1886.png,1351
Masks/image_1887.png,1378
Masks/image_1888.png,1281
Masks/image_1889.png,1229
Masks/image_1890.png,1277
Masks/image_1891.png,1379
Masks/image_1892.png,1488
Masks/image_1893.png,1501
Masks/image_1894.png,1366
Masks/image_1895.png,1366
Masks/image_1896.png,1481
Masks/image_1897.png,1424
Masks/image_1898.png,1503
Masks/image_1899.png,1501
Masks/image_1900.png,1556
Masks/image_1901.png,1427
Masks/image_1902.png,1369
Masks/image_1903.png,1684
Masks/image_1904.png,1416
Masks/image_1905.png,1538
Masks/image_1906.png,1450
Masks/image_1907.png,1384
Masks/image_1908.png,1354
Masks/image_1909.png,1232
Masks/image_1910.png,1263
Masks/image_1911.png,1288
Masks/image_1912.png,1358
Masks/image_1913.png,1385
Masks/image_1914.png,1583
Masks/image_1915.png,1767
Masks/image_1916.png,1690
Masks/image_1917.png,1804
Masks/image_1918.png,1917
Masks/image_1919.png,1972
Masks/image_1920.png,1886
Masks/image_1921.png,2157
Masks/image_1922.png,2063
Masks/image_1923.png,2107
Masks/image_1924.png,2044
Masks/image_1925.png,2092
Masks/image_1926.png,2115
Masks/image_1927.png,2130
Masks/image_1928.png,2239
Masks/image_1929.png,2248
Masks/image_1930.png,2222
Masks/image_1931.png,2145
Masks/image_1932.png,2140
Masks/image_1933.png,2070
Masks/image_1934.png,2067
Masks/image_1935.png,2110
Masks/image_1936.png,2107
Masks/image_1937.png,2195
Masks/image_1938.png,2024
Masks/image_1939.png,2029
Masks/image_1940.png,1984
Masks/image_1941.png,1934
Masks/image_1942.png,1803
Masks/image_1943.png,1693
Masks/image_1944.png,1623
Masks/image_1945.png,1414
Masks/image_1946.png,1143
Masks/image_1947.png,1053
Masks/image_1948.png,865
Masks/image_1949.png,920
Masks/image_1950.png,1022
Masks/image_1951.png,893
Masks/image_1952.png,739
Masks/image_1953.png,726
Masks/image_1954.png,732
Masks/image_1955.png,743
Masks/image_1956.png,719
Masks/image_1957.png,740
Masks/image_1958.png,655
Masks/image_1959.png,674
Masks/image_1960.png,566
Masks/image_1961.png,622
Masks/image_1962.png,623
Masks/image_1963.png,671
Masks/image_1964.png,683
Masks/image_1965.png,680
Masks/image_1966.png,687
Masks/image_1967.png,667
Masks/image_1968.png,624
Masks/image_1969.png,658
Masks/image_1970.png,714
Masks/image_1971.png,772
Masks/image_1972.png,762
Masks/image_1973.png,800
Masks/image_1974.png,845
Masks/image_1975.png,848
Masks/image_1976.png,849
Masks/image_1977.png,861
Masks/image_1978.png,865
Masks/image_1979.png,817
Masks/image_1980.png,693
Masks/image_1981.png,705
Masks/image_1982.png,751
Masks/image_1983.png,713
Masks/image_1984.png,730
Masks/image_1985.png,859
Masks/image_1986.png,745
Masks/image_1987.png,742
Masks/image_1988.png,716
Masks/image_1989.png,749
Masks/image_1990.png,723
Masks/image_1991.png,756
Masks/image_1992.png,768
Masks/image_1993.png,824
Masks/image_1994.png,820
Masks/image_1995.png,838
Masks/image_1996.png,931
Masks/image_1997.png,885
Masks/image_1998.png,952
Masks/image_1999.png,999
Masks/image_2000.png,1023
Masks/image_2001.png,1062
Masks/image_2002.png,1058
